{
	"frames": {
		"arms/p_arm_idle.png": {
			"frame": {
				"h": 38,
				"w": 54,
				"x": 242,
				"y": 39
			},
			"rotated": "true",
			"sourceSize": {
				"h": 49,
				"w": 66
			},
			"spriteSourceSize": {
				"h": 38,
				"w": 54,
				"x": 8,
				"y": 8
			},
			"trimmed": "true"
		},
		"arms/p_arm_idle_a.png": {
			"frame": {
				"h": 24,
				"w": 39,
				"x": 188,
				"y": 107
			},
			"rotated": "false",
			"sourceSize": {
				"h": 37,
				"w": 52
			},
			"spriteSourceSize": {
				"h": 24,
				"w": 39,
				"x": 11,
				"y": 6
			},
			"trimmed": "true"
		},
		"arms/p_arm_slide_0.png": {
			"frame": {
				"h": 38,
				"w": 54,
				"x": 188,
				"y": 39
			},
			"rotated": "false",
			"sourceSize": {
				"h": 49,
				"w": 66
			},
			"spriteSourceSize": {
				"h": 38,
				"w": 54,
				"x": 8,
				"y": 8
			},
			"trimmed": "true"
		},
		"arms/p_arm_throw_0.png": {
			"frame": {
				"h": 30,
				"w": 53,
				"x": 188,
				"y": 77
			},
			"rotated": "false",
			"sourceSize": {
				"h": 49,
				"w": 66
			},
			"spriteSourceSize": {
				"h": 30,
				"w": 53,
				"x": 8,
				"y": 11
			},
			"trimmed": "true"
		},
		"arms/p_arm_walk.png": {
			"frame": {
				"h": 39,
				"w": 56,
				"x": 188,
				"y": 0
			},
			"rotated": "false",
			"sourceSize": {
				"h": 49,
				"w": 66
			},
			"spriteSourceSize": {
				"h": 39,
				"w": 56,
				"x": 6,
				"y": 7
			},
			"trimmed": "true"
		},
		"arms/p_forarm_idle_0.png": {
			"frame": {
				"h": 29,
				"w": 39,
				"x": 244,
				"y": 0
			},
			"rotated": "true",
			"sourceSize": {
				"h": 44,
				"w": 53
			},
			"spriteSourceSize": {
				"h": 29,
				"w": 39,
				"x": 9,
				"y": 9
			},
			"trimmed": "true"
		},
		"arms/p_forarm_idle_a.png": {
			"frame": {
				"h": 25,
				"w": 34,
				"x": 246,
				"y": 133
			},
			"rotated": "false",
			"sourceSize": {
				"h": 36,
				"w": 50
			},
			"spriteSourceSize": {
				"h": 25,
				"w": 34,
				"x": 13,
				"y": 6
			},
			"trimmed": "true"
		},
		"arms/p_forarm_jump_0.png": {
			"frame": {
				"h": 29,
				"w": 40,
				"x": 188,
				"y": 133
			},
			"rotated": "true",
			"sourceSize": {
				"h": 44,
				"w": 53
			},
			"spriteSourceSize": {
				"h": 29,
				"w": 40,
				"x": 9,
				"y": 9
			},
			"trimmed": "true"
		},
		"arms/p_forarm_side_0.png": {
			"frame": {
				"h": 29,
				"w": 40,
				"x": 241,
				"y": 93
			},
			"rotated": "true",
			"sourceSize": {
				"h": 44,
				"w": 53
			},
			"spriteSourceSize": {
				"h": 29,
				"w": 40,
				"x": 9,
				"y": 9
			},
			"trimmed": "true"
		},
		"arms/p_forarm_under_0.png": {
			"frame": {
				"h": 29,
				"w": 39,
				"x": 217,
				"y": 133
			},
			"rotated": "true",
			"sourceSize": {
				"h": 44,
				"w": 53
			},
			"spriteSourceSize": {
				"h": 29,
				"w": 39,
				"x": 9,
				"y": 9
			},
			"trimmed": "true"
		},
		"arms/p_forarm_walk_a.png": {
			"frame": {
				"h": 25,
				"w": 34,
				"x": 246,
				"y": 158
			},
			"rotated": "false",
			"sourceSize": {
				"h": 36,
				"w": 50
			},
			"spriteSourceSize": {
				"h": 25,
				"w": 34,
				"x": 13,
				"y": 6
			},
			"trimmed": "true"
		},
		"arms/throw_blur_0.png": {
			"frame": {
				"h": 188,
				"w": 184,
				"x": 0,
				"y": 0
			},
			"rotated": "true",
			"sourceSize": {
				"h": 227,
				"w": 257
			},
			"spriteSourceSize": {
				"h": 188,
				"w": 184,
				"x": 63,
				"y": 35
			},
			"trimmed": "true"
		}
	},
	"meta": {
		"app": "Spriter",
		"format": "RGBA8888",
		"image": "GreyGuy_arms.png",
		"scale": 1,
		"size": {
			"h": 184,
			"w": 280
		},
		"version": "r7"
	}
}