<?xml version="1.0" encoding="UTF-8"?>
<imageExtraData>
    <subimage name="Rolling stone 1">
        <ellipse points="(48,48);(48,14);(82,48);(48,82);(14,48)"/>
    </subimage>
    <subimage name="Fella fr1" handlePoint="32,83">
        <singlePoint points="(0,108)" dataFlags="3" probe="true"/>
        <singlePoint points="(12,48)" dataFlags="1" probe="true"/>
        <singlePoint points="(-8,48)" dataFlags="2" probe="true"/>
        <rectangle points="(14,11);(49,11);(49,82);(14,82)"/>
    </subimage>
    <subimage name="Fella fr2" handlePoint="32,83">
        <rectangle points="(14,11);(49,11);(49,82);(14,82)"/>
        <singlePoint points="(0,108)" dataFlags="3" probe="true"/>
        <singlePoint points="(12,48)" dataFlags="1" probe="true"/>
        <singlePoint points="(-8,48)" dataFlags="2" probe="true"/>
    </subimage>
    <subimage name="Fella fr3" handlePoint="32,83">
        <rectangle points="(14,11);(49,11);(49,82);(14,82)"/>
        <singlePoint points="(0,108)" dataFlags="3" probe="true"/>
        <singlePoint points="(12,48)" dataFlags="1" probe="true"/>
        <singlePoint points="(-8,48)" dataFlags="2" probe="true"/>
    </subimage>
    <subimage name="Fella fr4" handlePoint="32,83">
        <rectangle points="(14,11);(49,11);(49,82);(14,82)"/>
        <singlePoint points="(0,108)" dataFlags="3" probe="true"/>
        <singlePoint points="(12,48)" dataFlags="1" probe="true"/>
        <singlePoint points="(-8,48)" dataFlags="2" probe="true"/>
    </subimage>
    <subimage name="Fella fr5" handlePoint="32,83">
        <rectangle points="(14,11);(49,11);(49,82);(14,82)"/>
        <singlePoint points="(0,108)" dataFlags="3" probe="true"/>
        <singlePoint points="(12,48)" dataFlags="1" probe="true"/>
        <singlePoint points="(-8,48)" dataFlags="2" probe="true"/>
    </subimage>
    <subimage name="Fella fr6" handlePoint="32,83">
        <rectangle points="(14,11);(49,11);(49,82);(14,82)"/>
        <singlePoint points="(0,108)" dataFlags="3" probe="true"/>
        <singlePoint points="(12,48)" dataFlags="1" probe="true"/>
        <singlePoint points="(-8,48)" dataFlags="2" probe="true"/>
    </subimage>
    <subimage name="Platform 1">
        <rectangle points="(13,0);(82,0);(82,26);(13,26)"/>
    </subimage>
    <subimage name="Blue diamond">
        <rectangle points="(11,38);(57,38);(57,59);(11,59)"/>
        <polyline points="(18,22);(34,2);(48,22)" closed="true"/>
        <ellipse points="(33,32);(33,18);(47,32);(33,46);(19,32)"/>
    </subimage>
    <subimage name="Green diamond">
        <rectangle points="(19,12);(48,12);(48,51);(19,51)"/>
    </subimage>
    <subimage name="Red diamond">
        <rectangle points="(19,12);(48,12);(48,51);(19,51)"/>
    </subimage>
    <subimage name="Blue star">
        <polyline points="(1,16);(16,1);(31,16);(16,31)" closed="true"/>
    </subimage>
    <subimage name="Cyan star">
        <polyline points="(1,16);(16,1);(31,16);(16,31)" closed="true"/>
    </subimage>
    <subimage name="Violet star">
        <polyline points="(1,16);(16,1);(31,16);(16,31)" closed="true"/>
    </subimage>
</imageExtraData>
