<?xml version="1.0" encoding="UTF-8"?>
<imageExtraData>
    <subimage name="2">
        <rectangle points="(0,31);(64,31);(64,64);(0,64)"/>
    </subimage>
    <subimage name="3">
        <rectangle points="(0,31);(64,31);(64,64);(0,64)"/>
    </subimage>
    <subimage name="4">
        <rectangle points="(0,31);(64,31);(64,64);(0,64)"/>
    </subimage>
    <subimage name="12">
        <rectangle points="(0,0);(64,0);(64,64);(0,64)"/>
    </subimage>
    <subimage name="13">
        <rectangle points="(0,0);(64,0);(64,64);(0,64)"/>
    </subimage>
    <subimage name="14">
        <rectangle points="(0,0);(64,0);(64,64);(0,64)"/>
    </subimage>
    <subimage name="20">
        <polyline points="(64,61);(58,64);(64,64)" closed="true"/>
    </subimage>
    <subimage name="21">
        <polyline points="(0,61);(64,29);(64,64);(0,64)" closed="true"/>
    </subimage>
    <subimage name="22">
        <rectangle points="(0,0);(64,0);(64,64);(0,64)"/>
    </subimage>
    <subimage name="23">
        <rectangle points="(0,0);(64,0);(64,64);(0,64)"/>
    </subimage>
    <subimage name="24">
        <rectangle points="(0,0);(64,0);(64,64);(0,64)"/>
    </subimage>
    <subimage name="30">
        <polyline points="(0,30);(58,0);(64,0);(64,64);(0,64)" closed="true"/>
    </subimage>
    <subimage name="31">
        <rectangle points="(0,0);(64,0);(64,64);(0,64)"/>
    </subimage>
    <subimage name="32">
        <rectangle points="(0,0);(64,0);(64,64);(0,64)"/>
    </subimage>
    <subimage name="33">
        <rectangle points="(0,0);(64,0);(64,64);(0,64)"/>
    </subimage>
    <subimage name="34">
        <polyline points="(0,29);(64,61);(64,64);(0,64)" closed="true"/>
    </subimage>
    <subimage name="35">
        <polyline points="(0,61);(6,64);(0,64)" closed="true"/>
    </subimage>
    <subimage name="40">
        <polyline points="(64,40);(64,0);(0,0);(21,37)" closed="true"/>
    </subimage>
    <subimage name="41">
        <rectangle points="(0,0);(64,0);(64,40);(0,40)"/>
    </subimage>
    <subimage name="42">
        <rectangle points="(0,0);(64,0);(64,40);(0,40)"/>
    </subimage>
    <subimage name="43">
        <rectangle points="(0,0);(64,0);(64,40);(0,40)"/>
    </subimage>
    <subimage name="44">
        <polyline points="(0,0);(64,0);(38,35);(0,40)" closed="true"/>
    </subimage>
    <subimage name="45">
        <polyline points="(0,64);(0,0);(6,0);(64,31);(64,64)" closed="true"/>
    </subimage>
    <subimage name="51">
        <rectangle points="(0,42);(64,42);(64,64);(0,64)"/>
    </subimage>
    <subimage name="52">
        <rectangle points="(0,42);(64,42);(64,64);(0,64)"/>
    </subimage>
    <subimage name="53">
        <rectangle points="(0,42);(64,42);(64,64);(0,64)"/>
    </subimage>
    <subimage name="54">
        <polyline points="(64,64);(0,64);(0,61);(64,31)" closed="true"/>
    </subimage>
    <subimage name="55">
        <polyline points="(0,31);(64,61);(64,64);(0,64)" closed="true"/>
    </subimage>
    <subimage name="60">
        <rectangle points="(23,31);(64,31);(64,64);(23,64)"/>
    </subimage>
    <subimage name="61">
        <rectangle points="(0,31);(43,31);(43,64);(0,64)"/>
    </subimage>
    <subimage name="62">
        <polyline points="(0,0);(14,37);(64,48);(64,0)" closed="true"/>
    </subimage>
    <subimage name="63">
        <polyline points="(0,0);(64,0);(38,36);(0,48)" closed="true"/>
    </subimage>
    <subimage name="64">
        <polyline points="(0,31);(64,31);(64,42);(34,64);(0,41)" closed="true"/>
    </subimage>
    <subimage name="65">
        <rectangle points="(0,31);(64,31);(64,64);(0,64)"/>
    </subimage>
    <subimage name="66">
        <rectangle points="(0,0);(64,0);(64,64);(0,64)"/>
    </subimage>
    <subimage name="67">
        <polyline points="(64,55);(0,0);(64,0)" closed="true"/>
    </subimage>
    <subimage name="68">
        <rectangle points="(0,0);(64,0);(64,55);(0,55)"/>
    </subimage>
    <subimage name="69">
        <polyline points="(0,55);(0,0);(64,0)" closed="true"/>
    </subimage>
</imageExtraData>
