{"skeleton":{"hash":"TbihQmOjHQadWT+cp2p48Xive5U","spine":"3.7.23-beta","width":1350.84,"height":909.41,"images":"./images/","audio":""},"bones":[{"name":"root"},{"name":"branch-1","parent":"root","length":487.04,"rotation":27.67,"x":-579.3,"y":-239.11,"color":"1a8600ff"},{"name":"branch-2","parent":"branch-1","length":391.45,"rotation":-30.2,"x":487.04,"color":"1a8600ff"},{"name":"owl-base","parent":"branch-2","x":139.77,"y":56.43,"color":"1697ffff"},{"name":"body-top-control","parent":"owl-base","rotation":92.53,"x":-3.85,"y":227.57,"color":"1697ffff"},{"name":"branch-3","parent":"branch-2","length":231.51,"rotation":30.15,"x":391.45,"color":"1a8600ff"},{"name":"branch-4","parent":"branch-3","length":158.83,"rotation":38.9,"x":231.51,"color":"1a8600ff"},{"name":"branch-5","parent":"branch-4","length":82.96,"rotation":-26.21,"x":158.83,"color":"1a8600ff"},{"name":"branch-6","parent":"branch-5","length":105.49,"rotation":68.78,"x":-79.95,"y":-20.15,"color":"1a8600ff"},{"name":"butt-feathers","parent":"owl-base","length":155.04,"rotation":-87.98,"x":-0.46,"y":-20.62,"color":"1697ffff"},{"name":"head","parent":"body-top-control","rotation":-90,"x":51,"y":0.33,"color":"1697ffff"},{"name":"control","parent":"head","y":126.66,"color":"1697ffff"},{"name":"control-back","parent":"head","x":1.74,"y":75.81,"color":"b500afff"},{"name":"leaf-1","parent":"branch-1","length":170.88,"rotation":59.11,"x":81.78,"y":61.01,"color":"c61616ff"},{"name":"leaf-2","parent":"branch-4","length":177.54,"rotation":-74.38,"x":116.86,"y":-14.04,"color":"c61616ff"},{"name":"leaf-3","parent":"branch-3","length":206.74,"rotation":-60.2,"x":-15.26,"y":6.37,"color":"c61616ff"},{"name":"leaf-4","parent":"branch-6","length":152.22,"rotation":76.69,"x":110.99,"y":4.18,"color":"c61616ff"},{"name":"leaf-5","parent":"branch-5","length":186.26,"rotation":40.81,"x":82.96,"color":"c61616ff"},{"name":"leaf-6","parent":"branch-6","length":201.94,"rotation":0.89,"x":105.49,"color":"c61616ff"},{"name":"leaf-7","parent":"branch-1","length":155.86,"rotation":30.39,"x":214.62,"y":12.99,"color":"c61616ff"}],"slots":[{"name":"feather-3","bone":"butt-feathers","attachment":"feather-3"},{"name":"feather-2","bone":"butt-feathers","attachment":"feather-2"},{"name":"feather-1","bone":"butt-feathers","attachment":"feather-1"},{"name":"body","bone":"owl-base","attachment":"body"},{"name":"wood","bone":"branch-1","attachment":"wood"},{"name":"R_wing","bone":"body-top-control","attachment":"R_wing"},{"name":"L_wing","bone":"body-top-control","attachment":"L_wing"},{"name":"R_foot","bone":"branch-2","attachment":"R_foot"},{"name":"L_foot","bone":"branch-2","attachment":"L_foot"},{"name":"head-base","bone":"head","attachment":"head-base"},{"name":"R_eye-iris","bone":"control","attachment":"R_eye-iris"},{"name":"R_eye-pupil","bone":"control","attachment":"R_eye-pupil"},{"name":"R_eye-light","bone":"control","attachment":"R_eye-light"},{"name":"L_eye-iris","bone":"control","attachment":"L_eye-iris"},{"name":"L_eye-pupil","bone":"control","attachment":"L_eye-pupil"},{"name":"L_eye-light","bone":"control","attachment":"L_eye-light"},{"name":"R_eye-closed","bone":"control"},{"name":"L_eye-closed","bone":"control"},{"name":"beak-down","bone":"head","attachment":"beak-down"},{"name":"beak","bone":"head","attachment":"beak"},{"name":"leaf-7","bone":"leaf-7","attachment":"leaf-7"},{"name":"leaf-6","bone":"leaf-6","attachment":"leaf-6"},{"name":"leaf-5","bone":"leaf-5","attachment":"leaf-5"},{"name":"leaf-4","bone":"leaf-4","attachment":"leaf-4"},{"name":"leaf-3","bone":"leaf-3","attachment":"leaf-3"},{"name":"leaf-2","bone":"leaf-2","attachment":"leaf-2"},{"name":"leaf-1","bone":"leaf-1","attachment":"leaf-1"}],"transform":[{"name":"control-back","order":0,"bones":["control-back"],"target":"control","rotateMix":0,"translateMix":-1,"scaleMix":0,"shearMix":0}],"skins":{"default":{"L_eye-closed":{"L_eye-closed":{"type":"mesh","uvs":[1,1,0,1,0,0,1,0],"triangles":[1,3,0,1,2,3],"vertices":[2,10,212,3.35,0.5,11,212,-123.31,0.5,2,10,33,3.35,0.5,11,33,-123.31,0.5,2,10,33,174.35,0.5,11,33,47.69,0.5,2,10,212,174.35,0.5,11,212,47.69,0.5],"hull":4,"edges":[0,2,2,4,4,6,0,6],"width":179,"height":171}},"L_eye-iris":{"L_eye-iris":{"type":"mesh","uvs":[1,1,0,1,0,0,1,0],"triangles":[1,2,3,1,3,0],"vertices":[2,10,212,3.35,0.5,11,212,-123.31,0.5,2,10,33,3.35,0.5,11,33,-123.31,0.5,2,10,33,174.35,0.5,11,33,47.69,0.5,2,10,212,174.35,0.5,11,212,47.69,0.5],"hull":4,"edges":[0,2,2,4,4,6,0,6],"width":179,"height":171}},"L_eye-light":{"L_eye-light":{"type":"mesh","uvs":[1,1,0,1,0,0,1,0],"triangles":[1,3,0,1,2,3],"vertices":[2,11,146,-27.31,0.75,10,146,99.35,0.25,2,11,104,-27.31,0.75,10,104,99.35,0.25,2,11,104,11.69,0.75,10,104,138.35,0.25,2,11,146,11.69,0.75,10,146,138.35,0.25],"hull":4,"edges":[0,2,2,4,4,6,0,6],"width":42,"height":39}},"L_eye-pupil":{"L_eye-pupil":{"x":122.5,"y":-38.81,"width":125,"height":119}},"L_foot":{"L_foot":{"x":289.24,"y":23.18,"rotation":-4.56,"width":128,"height":95}},"L_wing":{"L_wing":{"type":"mesh","uvs":[1,1,0,1,0,0,1,0],"triangles":[1,3,0,1,2,3],"vertices":[2,4,-185.82,-259.67,0.29,3,263.76,53.37,0.71,2,4,-185.82,-97.67,0.29,3,101.92,46.23,0.71,2,4,34.18,-97.67,0.91,3,92.22,266.02,0.09,2,4,34.18,-259.67,0.91,3,254.06,273.16,0.09],"hull":4,"edges":[0,2,2,4,4,6,0,6],"width":162,"height":220}},"R_eye-closed":{"R_eye-closed":{"type":"mesh","uvs":[1,1,0,1,0,0,1,0],"triangles":[1,2,3,1,3,0],"vertices":[2,11,-34,-123.31,0.5,10,-34,3.35,0.5,2,11,-213,-123.31,0.5,10,-213,3.35,0.5,2,11,-213,47.69,0.5,10,-213,174.35,0.5,2,11,-34,47.69,0.5,10,-34,174.35,0.5],"hull":4,"edges":[0,2,2,4,4,6,0,6],"width":179,"height":171}},"R_eye-iris":{"R_eye-iris":{"type":"mesh","uvs":[1,1,0,1,0,0,1,0],"triangles":[1,2,3,1,3,0],"vertices":[2,11,-34,-123.31,0.5,10,-34,3.35,0.5,2,11,-213,-123.31,0.5,10,-213,3.35,0.5,2,11,-213,47.69,0.5,10,-213,174.35,0.5,2,11,-34,47.69,0.5,10,-34,174.35,0.5],"hull":4,"edges":[0,2,2,4,4,6,0,6],"width":179,"height":171}},"R_eye-light":{"R_eye-light":{"type":"mesh","uvs":[1,1,0,1,0,0,1,0],"triangles":[1,3,0,1,2,3],"vertices":[2,11,-105,-27.31,0.75,10,-105,99.35,0.25,2,11,-147,-27.31,0.75,10,-147,99.35,0.25,2,11,-147,11.69,0.75,10,-147,138.35,0.25,2,11,-105,11.69,0.75,10,-105,138.35,0.25],"hull":4,"edges":[0,2,2,4,4,6,0,6],"width":42,"height":39}},"R_eye-pupil":{"R_eye-pupil":{"x":-123.5,"y":-38.81,"width":125,"height":119}},"R_foot":{"R_foot":{"x":-3.72,"y":15.78,"rotation":16.02,"width":128,"height":95}},"R_wing":{"R_wing":{"type":"mesh","uvs":[1,1,0,1,0,0,1,0],"triangles":[1,3,0,1,2,3],"vertices":[2,4,-185.82,106.33,0.3,3,-101.89,37.24,0.7,2,4,-185.82,268.33,0.3,3,-263.73,30.1,0.7,2,4,34.18,268.33,0.88,3,-273.42,249.89,0.12,2,4,34.18,106.33,0.88,3,-111.58,257.03,0.12],"hull":4,"edges":[0,2,2,4,4,6,0,6],"width":162,"height":220}},"beak":{"beak":{"type":"mesh","uvs":[0,0.48125,0.23847,0.67437,0.38855,1,0.52195,1,0.67759,1,0.76097,0.66393,1,0.44993,1,0.20983,0.73317,0,0.34964,0,0,0.20983,0.44969,0.27769,0.50528,0.66915],"triangles":[11,9,8,10,9,11,11,8,7,6,11,7,0,10,11,5,11,6,12,11,5,1,0,11,12,1,11,2,1,12,4,3,12,2,12,3,5,4,12],"vertices":[2,11,-41,-66.77,0.45,10,-41,59.89,0.55,2,11,-22.64,-82.61,0.65,10,-22.64,44.05,0.35,2,11,-11.08,-109.31,0.83,10,-11.08,17.35,0.17,1,11,-0.81,-109.31,1,2,11,11.17,-109.31,0.83,10,11.17,17.35,0.17,2,11,17.59,-81.75,0.78,10,17.59,44.91,0.22,2,11,36,-64.2,0.45,10,36,62.46,0.55,2,11,36,-44.51,0.45,10,36,82.15,0.55,2,11,15.45,-27.31,0.45,10,15.45,99.35,0.55,2,11,-14.08,-27.31,0.45,10,-14.08,99.35,0.55,2,11,-41,-44.51,0.45,10,-41,82.15,0.55,1,11,-6.37,-50.08,1,1,11,-2.09,-82.18,1],"hull":11,"edges":[0,2,2,4,8,10,10,12,12,14,14,16,16,18,18,20,0,20,4,6,6,8],"width":77,"height":82}},"beak-down":{"beak-down":{"type":"mesh","uvs":[1,1,0,1,0,0,1,0],"triangles":[1,3,0,1,2,3],"vertices":[2,10,33,17.35,0.43,11,33,-109.31,0.57,2,10,-40,17.35,0.43,11,-40,-109.31,0.57,2,10,-40,96.35,0.43,11,-40,-30.31,0.57,2,10,33,96.35,0.43,11,33,-30.31,0.57],"hull":4,"edges":[0,2,2,4,4,6,0,6],"width":73,"height":79}},"body":{"body":{"type":"mesh","uvs":[0.32567,1,0.69603,1,0.86396,0.83947,1,0.63572,1,0.36212,0.92608,0.17292,0.70524,0,0.26586,0,0.09793,0.1671,0,0.3301,0,0.6561,0.12784,0.85111,0.4982,0.37085,0.489,0.78417,0.22215,0.75797,0.22905,0.38249,0.4959,0.12053,0.75355,0.76961,0.74434,0.37376,0.72134,0.14672,0.24516,0.14381],"triangles":[18,4,3,20,8,7,5,19,6,16,6,19,20,7,16,16,7,6,17,12,18,12,14,15,10,9,15,12,19,18,20,16,12,12,16,19,15,20,12,9,8,15,18,5,4,15,8,20,18,19,5,14,10,15,17,13,12,0,13,1,1,17,2,1,13,17,11,14,0,0,14,13,11,10,14,2,17,3,17,18,3,13,14,12],"vertices":[2,3,-77,-83.78,0.9818,4,-307.82,86.8,0.0182,2,3,106.53,-75.68,0.9604,4,-307.82,-96.91,0.0396,1,3,186.97,-9.15,1,2,3,250.85,73.62,0.58,4,-165.02,-247.67,0.42,2,3,246.13,180.77,0.244,4,-57.77,-247.67,0.756,1,4,16.4,-211.01,1,1,4,84.18,-101.47,1,1,4,84.18,116.46,1,1,4,18.68,199.75,1,2,3,-249.94,171.45,0.36505,4,-45.22,248.33,0.63495,2,3,-244.31,43.78,0.62057,4,-173.01,248.33,0.37943,1,3,-177.6,-29.8,1,2,3,-2.37,166.38,0.1,4,-61.19,1.22,0.9,2,3,0.21,4.31,0.75,4,-223.21,5.78,0.25,1,3,-132.47,8.74,1,2,3,-135.54,155.94,0.14,4,-65.76,134.72,0.86,1,4,36.93,2.36,1,1,3,131.04,15.8,1,2,3,119.65,170.62,0.21,4,-62.33,-120.87,0.79,1,4,26.67,-109.46,1,1,4,27.81,126.73,1],"hull":12,"edges":[0,2,2,4,4,6,6,8,8,10,10,12,12,14,14,16,16,18,18,20,20,22,0,22,38,32,32,40],"width":496,"height":392}},"feather-1":{"feather-1":{"x":66.77,"y":51.32,"rotation":90.51,"width":117,"height":119}},"feather-2":{"feather-2":{"x":70.22,"y":-56.15,"rotation":90.51,"width":124,"height":130}},"feather-3":{"feather-3":{"x":83.66,"y":7.47,"rotation":90.51,"width":111,"height":152}},"head-base":{"head-base":{"type":"mesh","uvs":[0,0.62821,0.10827,0.80875,0.2669,0.96522,0.4026,1,0.60901,1,0.77147,0.96522,0.92054,0.84004,1,0.63303,1,0.52952,1,0.37787,0.97662,0.33564,0.88805,0.17566,0.78293,0.03123,0.73324,0,0.67782,0,0.64724,0.08901,0.57461,0.17085,0.50772,0.17807,0.42936,0.16604,0.34717,0.09141,0.3166,0,0.2669,0,0.24779,0.06975,0.12547,0.16122,0.0108,0.36824,0.23632,0.34657,0.79058,0.34657,0.79822,0.74135,0.23632,0.74616,0.50389,0.77986,0.50581,0.31528,0.50198,0.90263,0.39113,0.88097,0.6008,0.8906,0.42745,0.77264,0.57461,0.76542,0.50389,0.83282,0.46185,0.40435,0.56123,0.39953,0.5039,0.54396,0.65106,0.27917,0.38922,0.29362,0.3338,0.26232,0.7084,0.21418,0.72942,0.09623,0.29175,0.16363,0.40642,0.23825,0.50963,0.24066,0.6071,0.24547,0.67591,0.14678,0.34717,0.17085,0.88996,0.53433,0.86703,0.66673,0.85747,0.41397,0.12738,0.54637,0.14841,0.41638,0.16943,0.69321,0.34909,0.34176,0.65679,0.35139,0.60328,0.33213,0.42171,0.33213,0.29939,0.56803,0.71795,0.556,0.44847,0.68839,0.57461,0.69321,0.82689,0.27917,0.91099,0.39712,0.93965,0.53193,0.91863,0.71006,0.19045,0.26714,0.09298,0.39472,0.07387,0.56803,0.1465,0.73894,0.20574,0.83282,0.28028,0.86893,0.79822,0.85449,0.69119,0.87134,0.85747,0.78227],"triangles":[44,14,13,44,13,12,15,14,44,49,15,44,20,45,21,21,45,22,19,45,20,23,22,45,50,45,19,18,50,19,16,15,49,44,12,11,43,49,44,43,44,11,46,50,18,47,17,16,48,16,49,48,49,43,47,16,48,42,45,50,42,50,46,69,23,45,69,45,42,40,48,43,65,43,11,41,42,46,18,47,46,47,18,17,30,46,47,60,41,46,30,60,46,48,30,47,59,48,40,59,30,48,65,11,10,57,42,41,57,41,60,25,69,42,25,42,57,26,43,65,40,43,26,58,40,26,59,40,58,24,23,69,70,24,69,55,70,69,66,65,10,66,10,9,53,26,65,38,30,59,37,60,30,37,30,38,66,53,65,25,55,69,66,9,8,67,66,8,51,53,66,67,51,66,39,37,38,38,59,58,54,70,55,62,58,26,62,26,53,62,53,51,71,24,70,71,70,54,61,25,57,55,25,61,54,55,61,0,24,71,67,8,7,52,62,51,52,51,67,37,57,60,37,61,57,61,37,39,56,54,61,71,54,56,0,71,56,67,7,52,68,52,7,72,0,56,27,62,52,28,56,61,72,56,28,77,27,52,77,52,68,1,0,72,73,72,28,1,72,73,6,68,7,77,68,6,75,27,77,76,35,27,75,77,6,73,28,74,75,76,27,32,74,34,33,35,76,2,73,74,1,73,2,5,76,75,5,75,6,3,32,31,2,74,32,3,2,32,4,33,76,4,76,5,31,33,4,3,31,4,38,58,62,39,38,62,63,61,39,64,39,62,63,39,64,64,62,27,28,61,63,35,64,27,29,63,64,34,28,63,29,34,63,64,35,29,36,29,35,34,29,36,74,28,34,32,34,36,36,35,33,31,32,36,31,36,33],"vertices":[3,11,-304,-69.08,0.01459,12,-304,-69.08,0.26323,10,-302.26,46.41,0.72217,3,11,-239.36,-154.66,0.00559,12,-239.36,-154.66,0.05203,10,-237.62,-39.17,0.94238,3,11,-144.66,-228.82,0.145,12,-144.66,-228.82,0.04545,10,-142.92,-113.33,0.80955,3,11,-63.65,-245.31,0.2095,12,-63.65,-245.31,0.00316,10,-61.91,-129.82,0.78734,2,11,59.58,-245.31,0.17617,10,61.32,-129.82,0.82383,3,11,156.57,-228.82,0.08728,12,156.57,-228.82,0.05645,10,158.3,-113.33,0.85627,3,11,245.56,-169.49,0.06344,12,245.56,-169.49,0.11037,10,247.3,-54,0.82619,3,11,293,-71.36,0.00633,12,293,-71.36,0.10522,10,294.74,44.12,0.88845,3,11,293,-22.3,0.01595,12,293,-22.3,0.14723,10,294.74,93.19,0.83682,3,11,293,49.58,0.00982,12,293,49.58,0.29562,10,294.74,165.07,0.69456,3,11,279.04,69.6,0.01809,12,279.04,69.6,0.25265,10,280.78,185.09,0.72927,3,11,226.17,145.43,0.00461,12,226.17,145.43,0.21686,10,227.9,260.91,0.77853,2,12,163.41,213.89,0.19851,10,165.15,329.37,0.80149,2,12,133.75,228.69,0.27166,10,135.48,344.18,0.72834,2,12,100.66,228.69,0.27166,10,102.39,344.18,0.72834,2,12,82.4,186.5,0.27166,10,84.14,301.99,0.72834,2,12,39.04,147.71,0.09155,10,40.78,263.2,0.90845,2,12,-0.89,144.29,0.05807,10,0.85,259.77,0.94193,2,12,-47.67,149.99,0.07863,10,-45.94,265.48,0.92137,2,12,-96.74,185.36,0.26398,10,-95,300.85,0.73602,2,12,-114.99,228.69,0.27166,10,-113.25,344.18,0.72834,2,12,-144.66,228.69,0.27166,10,-142.92,344.18,0.72834,2,12,-156.07,195.63,0.27166,10,-154.33,311.12,0.72834,2,12,-229.09,152.27,0.15795,10,-227.35,267.76,0.84205,2,12,-297.55,54.15,0.23165,10,-295.81,169.63,0.76835,2,11,-162.91,64.42,0.23917,10,-161.18,179.9,0.76083,2,11,167.98,64.42,0.36537,10,169.71,179.9,0.63463,2,11,172.54,-122.71,0.43659,10,174.28,-7.22,0.56341,2,11,-162.91,-124.99,0.47535,10,-161.18,-9.5,0.52465,2,11,-3.17,-140.96,0.72626,10,-1.44,-25.48,0.27374,2,11,-2.03,79.25,0.25249,10,-0.3,194.74,0.74751,2,11,-4.32,-199.16,0.4798,10,-2.58,-83.67,0.5202,2,11,-70.49,-188.89,0.42536,10,-68.76,-73.4,0.57464,2,11,54.68,-193.45,0.42901,10,56.42,-77.96,0.57099,2,11,-48.81,-137.54,0.69524,10,-47.08,-22.05,0.30476,2,11,39.04,-134.12,0.68899,10,40.78,-18.63,0.31101,2,11,-3.17,-166.07,0.60466,10,-1.44,-50.58,0.39534,2,11,-28.28,37.03,0.40749,10,-26.54,152.52,0.59251,2,11,31.06,39.31,0.48302,10,32.79,154.8,0.51698,2,11,-3.17,-29.15,0.53404,10,-1.44,86.34,0.46596,2,11,84.68,96.36,0.19082,10,86.42,211.85,0.80918,2,11,-71.63,89.52,0.17688,10,-69.9,205.01,0.82312,2,11,-104.72,104.35,0.08016,10,-102.99,219.84,0.91984,3,11,118.91,127.17,0.03256,12,118.91,127.17,0.0011,10,120.65,242.66,0.96634,2,12,131.46,183.08,0.23984,10,133.2,298.57,0.76016,2,12,-129.83,151.13,0.08046,10,-128.09,266.62,0.91954,2,11,-61.37,115.76,0.04075,10,-59.63,231.25,0.95925,2,11,0.25,114.62,0.06407,10,1.99,230.11,0.93593,2,11,58.44,112.34,0.07435,10,60.18,227.83,0.92565,2,12,99.52,159.12,0.15345,10,101.25,274.61,0.84655,2,12,-96.74,147.71,0.06159,10,-95,263.2,0.93841,2,11,227.31,-24.58,0.25194,10,229.05,90.91,0.74806,2,11,213.62,-87.34,0.30876,10,215.35,28.15,0.69124,2,11,207.91,32.47,0.31184,10,209.65,147.96,0.68816,3,11,-227.95,-30.29,0.26918,12,-227.95,-30.29,0.05011,10,-226.21,85.2,0.6807,3,11,-215.4,31.33,0.24851,12,-215.4,31.33,0.02152,10,-213.66,146.81,0.72997,2,11,-202.85,-99.89,0.2927,10,-201.11,15.6,0.7073,2,11,-95.6,66.7,0.27831,10,-93.86,182.19,0.72169,2,11,88.11,62.13,0.4333,10,89.84,177.62,0.5667,2,11,56.16,71.26,0.36297,10,57.9,186.75,0.63703,2,11,-52.24,71.26,0.28083,10,-50.5,186.75,0.71917,2,11,-125.26,-40.56,0.46719,10,-123.52,74.93,0.53281,2,11,124.62,-34.85,0.68177,10,126.36,80.64,0.31823,2,11,-36.26,-97.61,0.80548,10,-34.53,17.88,0.19452,2,11,39.04,-99.89,0.77666,10,40.78,15.6,0.22334,3,11,189.65,96.36,0.11792,12,189.65,96.36,3.0E-5,10,191.39,211.85,0.88205,3,11,239.86,40.45,0.1113,12,239.86,40.45,0.02801,10,241.6,155.94,0.86068,3,11,256.97,-23.44,0.07223,12,256.97,-23.44,0.0013,10,258.71,92.05,0.92647,2,11,244.42,-107.88,0.12196,10,246.16,7.61,0.87804,2,11,-190.3,102.07,0.02441,10,-188.56,217.56,0.97559,3,11,-248.49,41.6,0.09967,12,-248.49,41.6,0.07803,10,-246.75,157.08,0.8223,3,11,-259.9,-40.56,0.14162,12,-259.9,-40.56,0.05098,10,-258.16,74.93,0.8074,2,11,-216.54,-121.57,0.14701,10,-214.8,-6.08,0.85299,2,11,-181.17,-166.07,0.19633,10,-179.43,-50.58,0.80367,2,11,-136.67,-183.18,0.35738,10,-134.93,-67.69,0.64262,3,11,172.54,-176.34,0.23906,12,172.54,-176.34,0.00239,10,174.28,-60.85,0.75855,2,11,108.64,-184.32,0.37393,10,110.38,-68.83,0.62607,2,11,207.91,-142.11,0.22094,10,209.65,-26.62,0.77906],"hull":25,"edges":[0,2,2,4,4,6,6,8,8,10,10,12,12,14,22,24,24,26,26,28,28,30,30,32,32,34,34,36,36,38,38,40,40,42,42,44,44,46,46,48,0,48,90,42,14,16,16,18,18,20,20,22],"width":597,"height":474}},"leaf-1":{"leaf-1":{"x":93.08,"y":-14.9,"rotation":-86.78,"width":152,"height":202}},"leaf-2":{"leaf-2":{"x":84.31,"y":7.56,"rotation":65.1,"width":130,"height":189}},"leaf-3":{"leaf-3":{"x":115.81,"y":28.41,"rotation":32.57,"width":263,"height":154}},"leaf-4":{"leaf-4":{"x":70.16,"y":-4.79,"rotation":174.22,"width":178,"height":98}},"leaf-5":{"leaf-5":{"x":89.18,"y":24.8,"rotation":-81.12,"width":106,"height":211}},"leaf-6":{"leaf-6":{"x":107.78,"y":6.61,"rotation":-109.98,"width":176,"height":231}},"leaf-7":{"leaf-7":{"x":83.07,"y":-8.64,"rotation":-58.07,"width":108,"height":172}},"wood":{"wood":{"type":"mesh","uvs":[0.11021,1,0.15566,0.95336,0.21123,0.8928,0.22028,0.83577,0.28362,0.72988,0.35481,0.68032,0.39623,0.67196,0.46043,0.59021,0.69783,0.62777,0.7172,0.63585,0.73175,0.62498,0.7584,0.58795,0.83734,0.52487,0.88376,0.45904,0.89542,0.44525,0.902,0.42073,0.93407,0.35365,0.93428,0.24657,0.95942,0.18869,1,0.10133,1,0.04501,0.97874,0.0803,0.96743,0.09908,0.91739,0.18018,0.90399,0.28117,0.87848,0.08782,0.85736,0.10809,0.89108,0.29728,0.89525,0.3207,0.88552,0.37054,0.87781,0.40495,0.86852,0.42127,0.84031,0.43039,0.72738,0.5583,0.71396,0.5716,0.69722,0.56699,0.44709,0.50234,0.35592,0.55641,0.26039,0.63925,0.18238,0.78349,0.08762,0.77081,0,0.88984,0,1,0.40039,0.56993,0.71762,0.60099,0.88511,0.42365,0.89924,0.29751,0.93733,0.18329,0.98584,0.10003],"triangles":[27,26,24,24,26,25,19,18,48,48,18,22,18,47,22,47,23,22,19,21,20,22,21,48,19,48,21,14,45,15,29,15,45,45,30,29,15,29,16,29,28,16,28,46,16,46,24,16,16,24,17,24,23,17,17,47,18,17,23,47,28,27,46,46,27,24,10,9,44,10,44,11,33,44,34,33,11,44,11,33,12,12,33,32,12,32,13,32,31,13,13,45,14,13,31,45,45,31,30,6,43,7,7,35,8,9,8,44,44,35,34,44,8,35,43,36,7,7,36,35,1,0,41,0,42,41,41,40,1,2,40,39,2,1,40,2,39,3,3,39,4,4,39,38,4,38,5,43,6,5,5,38,37,43,5,37,43,37,36],"vertices":[1,1,46.94,-64.01,1,1,1,109.8,-64.9,1,1,1,187.66,-64.09,1,1,1,213.68,-38.52,1,1,1,312.85,-17.71,1,1,1,404.67,-31.78,1,2,1,452.3,-51.01,0.87274,2,-4.36,-61.57,0.12726,2,1,545.58,-43.72,1.0E-5,2,72.59,-8.34,0.99999,1,2,366.26,-18.28,1,2,2,390.36,-22.14,0.6578,5,-12.06,-18.6,0.3422,2,2,408.01,-14.74,0.23428,5,6.92,-21.06,0.76572,1,5,46.51,-16.33,1,1,5,150.63,-27.46,1,2,5,219.97,-18.5,0.91238,6,-20.61,-7.15,0.08762,2,5,236.6,-17.73,0.53313,6,-7.17,-17,0.46687,3,5,250.73,-8.27,0.14373,6,9.76,-18.5,0.85627,7,-125.56,-82.45,0,3,1,1130.1,-187.59,0,6,62.99,-38.53,0.99998,7,-68.96,-76.91,2.0E-5,3,1,1160.61,-129.96,0,6,122.91,-12.79,0.99739,7,-26.57,-27.34,0.00261,3,1,1204.46,-113.15,0,6,167.6,-27.21,0.08864,7,19.88,-20.53,0.91136,1,7,92.49,-12.37,1,2,1,1267.69,-76.61,0,7,89.58,1.28,1,2,6,237.64,-22.79,2.0E-5,7,80.77,14.37,0.99998,2,6,221.59,-14.54,1.8E-4,7,62.73,14.68,0.99982,2,6,151.7,22.42,0.82914,7,-16.3,16.96,0.17086,1,6,88.7,13.1,1,1,8,126.5,-18.92,1,1,8,123.36,9.75,1,2,1,1099.06,-132.55,0,8,0.87,8.12,1,1,6,62.32,13.4,1,3,1,1072.27,-168.88,0,6,29.7,12.32,0.99766,8,-39.05,29.19,0.00234,3,1,1054.11,-183.01,0,5,228.74,14.09,0.34735,6,6.69,12.71,0.65265,3,1,1039.34,-186.49,0,5,213.97,10.6,0.97536,6,-7,19.26,0.02464,2,1,1005.93,-175.25,0,5,180.55,21.82,1,3,1,846.33,-179.5,0,2,400.82,25.59,0.04218,5,20.96,17.42,0.95782,3,1,827.91,-178.99,0,2,384.64,16.77,0.61297,5,2.54,17.93,0.38703,3,1,810.92,-166.91,0,2,363.88,18.67,0.98073,5,-14.46,29.99,0.01927,1,2,53.78,44.39,1,2,1,440.93,34.41,1,7,-692.85,290.52,0,1,1,313.11,44.48,1,1,1,187.05,11.39,1,1,1,87.08,72.55,1,1,1,-42.34,58.57,1,1,1,-73.5,-0.85,1,2,1,485.71,1.63,0.55579,2,-1.97,0.73,0.44421,2,2,389.94,-0.91,0.56026,5,-1.76,-0.03,0.43974,2,5,231.44,-0.18,0.48669,6,-0.17,-0.09,0.51331,1,6,77.24,14.52,1,3,1,1181.84,-97.57,0,6,159.76,-0.89,0.45723,7,1.23,-0.39,0.54277,1,7,79.68,-0.46,1],"hull":43,"edges":[0,2,4,6,6,8,8,10,10,12,12,14,22,24,38,40,44,46,46,48,48,50,50,52,72,74,74,76,76,78,78,80,80,82,82,84,0,84,68,70,70,72,66,68,88,66,18,20,20,22,88,20,16,18,88,16,88,18,24,26,26,28,90,26,28,30,30,32,90,30,60,62,90,62,56,58,58,60,90,58,94,46,94,34,36,94,36,38,32,34,34,36,52,54,54,56,62,64,64,66,14,16,2,4,40,42,42,44,96,42],"width":1234,"height":609}}}},"animations":{"blink":{"slots":{"L_eye-closed":{"attachment":[{"time":0,"name":null},{"time":0.4667,"name":"L_eye-closed"},{"time":0.5333,"name":null},{"time":1.8333,"name":"L_eye-closed"},{"time":1.9333,"name":null},{"time":5.2333,"name":null}]},"R_eye-closed":{"attachment":[{"time":0,"name":null},{"time":0.4667,"name":"R_eye-closed"},{"time":0.5333,"name":null},{"time":1.8333,"name":"R_eye-closed"},{"time":1.9,"name":null},{"time":5.2333,"name":null}]}},"bones":{"control":{"translate":[{"time":0,"x":0,"y":0}]}}},"down":{"bones":{"control":{"translate":[{"time":0,"x":0,"y":-31.86}]}}},"idle":{"bones":{"body-top-control":{"translate":[{"time":0,"x":-2.24,"y":18.72},{"time":0.5667,"x":0,"y":0,"curve":"stepped"},{"time":0.8,"x":0,"y":0},{"time":1.4667,"x":-2.84,"y":17.73},{"time":1.9,"x":-3.43,"y":28.64},{"time":2.8,"x":0,"y":0,"curve":"stepped"},{"time":2.9667,"x":0,"y":0},{"time":3.6333,"x":-2.84,"y":17.73},{"time":4.1,"x":-3.43,"y":28.64},{"time":4.9667,"x":0,"y":0,"curve":"stepped"},{"time":5.2333,"x":0,"y":0},{"time":5.9,"x":-2.84,"y":17.73},{"time":6.3667,"x":-3.43,"y":28.64},{"time":6.6667,"x":-2.24,"y":18.72}]},"branch-2":{"rotate":[{"time":0,"angle":0.09,"curve":"stepped"},{"time":2.0333,"angle":0.09},{"time":3.5,"angle":0.79},{"time":4.8333,"angle":0.09},{"time":5.9,"angle":-0.13},{"time":6.6667,"angle":0.09}]},"branch-4":{"rotate":[{"time":0,"angle":-0.57},{"time":0.7667,"angle":-1.75},{"time":1.8667,"angle":-0.57}]},"branch-5":{"rotate":[{"time":0,"angle":-0.75,"curve":"stepped"},{"time":1.1,"angle":-0.75},{"time":1.9,"angle":-0.83},{"time":2.6667,"angle":-0.75},{"time":5.6667,"angle":0.66},{"time":6.6667,"angle":-0.75}]},"butt-feathers":{"rotate":[{"time":0,"angle":0,"curve":"stepped"},{"time":3.2333,"angle":0},{"time":3.3333,"angle":10.86},{"time":3.4,"angle":-13.26},{"time":3.4667,"angle":12.72},{"time":3.5333,"angle":-16.15},{"time":3.6333,"angle":-0.35},{"time":3.8,"angle":0,"curve":"stepped"},{"time":6.6667,"angle":0}],"translate":[{"time":0,"x":0,"y":0},{"time":1.1,"x":-1.29,"y":21.82},{"time":2.2333,"x":0,"y":0},{"time":3.2667,"x":0,"y":29.98},{"time":4.7333,"x":0,"y":8.81},{"time":6.6667,"x":0,"y":0}]},"branch-3":{"rotate":[{"time":0,"angle":0},{"time":3.8333,"angle":-1.4},{"time":6.6667,"angle":0}]},"head":{"translate":[{"time":0,"x":0,"y":0},{"time":1,"x":-19.41,"y":0},{"time":4,"x":0,"y":0},{"time":4.6667,"x":-19.41,"y":0},{"time":6.6667,"x":0,"y":0}]},"leaf-5":{"rotate":[{"time":0,"angle":-2.05},{"time":0.3333,"angle":0},{"time":1,"angle":-4.1},{"time":1.6667,"angle":0},{"time":2.3333,"angle":-4.1},{"time":3,"angle":0},{"time":3.6667,"angle":-4.1},{"time":4.3333,"angle":0},{"time":5,"angle":-4.1},{"time":5.6667,"angle":0},{"time":6.3333,"angle":-4.1},{"time":6.6667,"angle":-2.05}]},"leaf-4":{"rotate":[{"time":0,"angle":-2.05},{"time":0.3333,"angle":0},{"time":1,"angle":-4.1},{"time":1.6667,"angle":0},{"time":2.3333,"angle":-4.1},{"time":3,"angle":0},{"time":3.6667,"angle":-4.1},{"time":4.3333,"angle":0},{"time":5,"angle":-4.1},{"time":5.6667,"angle":0},{"time":6.3333,"angle":-4.1},{"time":6.6667,"angle":-2.05}]},"leaf-6":{"rotate":[{"time":0,"angle":-4.1},{"time":0.3333,"angle":-2.05},{"time":0.6667,"angle":0},{"time":1.3333,"angle":-4.1},{"time":2,"angle":0},{"time":2.6667,"angle":-4.1},{"time":3.3333,"angle":0},{"time":4,"angle":-4.1},{"time":4.6667,"angle":0},{"time":5.3333,"angle":-4.1},{"time":6,"angle":0},{"time":6.6667,"angle":-4.1}]},"leaf-2":{"rotate":[{"time":0,"angle":-2.05},{"time":0.3333,"angle":0},{"time":1,"angle":-4.1},{"time":1.6667,"angle":0},{"time":2.3333,"angle":-4.1},{"time":3,"angle":0},{"time":3.6667,"angle":-4.1},{"time":4.3333,"angle":0},{"time":5,"angle":-4.1},{"time":5.6667,"angle":0},{"time":6.3333,"angle":-4.1},{"time":6.6667,"angle":-2.05}]},"leaf-3":{"rotate":[{"time":0,"angle":-4.1},{"time":0.3333,"angle":-2.05},{"time":0.6667,"angle":0},{"time":1.3333,"angle":-4.1},{"time":2,"angle":0},{"time":2.6667,"angle":-4.1},{"time":3.3333,"angle":0},{"time":4,"angle":-4.1},{"time":4.6667,"angle":0},{"time":5.3333,"angle":-4.1},{"time":6,"angle":0},{"time":6.6667,"angle":-4.1}]},"leaf-7":{"rotate":[{"time":0,"angle":-2.05},{"time":0.3333,"angle":0},{"time":1,"angle":-4.1},{"time":1.6667,"angle":0},{"time":2.3333,"angle":-4.1},{"time":3,"angle":0},{"time":3.6667,"angle":-4.1},{"time":4.3333,"angle":0},{"time":5,"angle":-4.1},{"time":5.6667,"angle":0},{"time":6.3333,"angle":-4.1},{"time":6.6667,"angle":-2.05}]},"leaf-1":{"rotate":[{"time":0,"angle":0},{"time":0.6667,"angle":-4.1},{"time":1.3333,"angle":0},{"time":2,"angle":-4.1},{"time":2.6667,"angle":0},{"time":3.3333,"angle":-4.1},{"time":4,"angle":0},{"time":4.6667,"angle":-4.1},{"time":5.3333,"angle":0},{"time":6,"angle":-4.1},{"time":6.6667,"angle":0}]}}},"left":{"bones":{"control":{"translate":[{"time":0,"x":36.77,"y":0}]}}},"right":{"bones":{"control":{"translate":[{"time":0,"x":-39.22,"y":0}]}}},"up":{"bones":{"control":{"translate":[{"time":0,"x":0,"y":41.67}]}}}}}