<?xml version="1.0" encoding="UTF-8"?>
<composedSprite name="csButton" set="guiA" xHandle="0" yHandle="0">
    <layer name="Layer 1">
        <sprite name="buttonA" x="0" y="0"/>
    </layer>
    <layer name="Layer 2">
        <sprite name="textSprite,0" nameID="label" x="0" y="0"/>
    </layer>
    <parameter name="wName" value="button" type="string"/>
    <constantParameter name="widget" value="button" type="string"/>
    <constantParameter name="wCheckable" value="1" type="bool"/>
</composedSprite>
