<?xml version="1.0" encoding="UTF-8"?>
<sourceGraphicSet name="dummies">
    <images>
        <spriteSheetImage file="media/graphics/testDummies/testDummies.png"/>
    </images>
    <sprites>
        <sprite name="img6" imageName="img6" imageFile="media/graphics/testDummies/testDummies.png"/>
        <sprite name="img5" imageName="img5" imageFile="media/graphics/testDummies/testDummies.png"/>
        <sprite name="img1" imageName="img1" imageFile="media/graphics/testDummies/testDummies.png"/>
        <sprite name="img2" imageName="img2" imageFile="media/graphics/testDummies/testDummies.png"/>
        <sprite name="img3" imageName="img3" imageFile="media/graphics/testDummies/testDummies.png"/>
        <sprite name="img4" imageName="img4" imageFile="media/graphics/testDummies/testDummies.png"/>
        <sprite name="gird1" imageName="gird1" imageFile="media/graphics/testDummies/testDummies.png"/>
    </sprites>
</sourceGraphicSet>
