<?xml version="1.0" encoding="UTF-8"?>
<sourceGraphicSet name="guiA">
    <images>
        <spriteSheetImage file="media/graphics/guiA.png"/>
        <singleImage file="media/graphics/bg_gradient.png"/>
        <singleImage file="media/graphics/info.png"/>
    </images>
    <textSprites>
        <textSprite name="textSprite,0" string="Button Label" fontStyle="Style 1" colorStyle="FFFF00" handle="center">
            <constantParameter name="wLabelColor" value="FFFF00" type="string"/>
            <constantParameter name="wLabel" value="value" type="string"/>
        </textSprite>
    </textSprites>
    <sprites>
        <sprite name="buttonA">
            <image name="buttonA1" file="media/graphics/guiA.png" marker="1"/>
            <image name="buttonA2" file="media/graphics/guiA.png"/>
            <image name="buttonA3" file="media/graphics/guiA.png"/>
            <constantParameter name="wFrame" value="0" type="int"/>
            <constantParameter name="wFrame_CO" value="1" type="int"/>
            <constantParameter name="wFrame_checked" value="2" type="int"/>
        </sprite>
        <sprite name="logo" imageName="logo" imageFile="media/graphics/guiA.png"/>
        <sprite name="bg_gradient" imageName="bg_gradient" imageFile="media/graphics/bg_gradient.png"/>
        <sprite name="info" imageName="info" imageFile="media/graphics/info.png"/>
    </sprites>
</sourceGraphicSet>
