<?xml version="1.0" encoding="UTF-8"?>
<composedSprite name="csBlueDiamond" set="SpritesA" xHandle="33" yHandle="36">
    <layer name="Layer 1">
        <sprite name="Blue diamond" x="32" y="32">
            <parameter name="yGridSnap" value="32" type="int"/>
        </sprite>
    </layer>
    <layer name="Layer 2">
        <sprite name="Shine" x="39" y="17">
            <parameter name="entity" value="simpleAnimatedObject" type="string"/>
        </sprite>
    </layer>
</composedSprite>
