<?xml version="1.0" encoding="UTF-8"?>
<composedSprite name="sprComp1" set="SpritesA" xHandle="132" yHandle="91">
    <layer name="Layer 1">
        <sprite name="Flame" x="148" y="37">
            <parameter name="entity" value="simpleAnimatedObject" type="string"/>
        </sprite>
        <sprite name="Platform 1" x="128" y="42">
            <parameter name="yGridSnap" value="42" type="int"/>
            <parameter name="xGridSnap" value="0" type="int"/>
            <parameter name="pathId" value="2" type="int"/>
            <parameter name="entity" value="none" type="string"/>
            <parameter name="noExport" value="0" type="bool"/>
        </sprite>
        <sprite name="Flame" x="125" y="82">
            <parameter name="entity" value="simpleAnimatedObject" type="string"/>
        </sprite>
        <sprite name="Fella" x="25" y="95">
            <parameter name="yGridSnap" value="31" type="int"/>
            <parameter name="startDir" value="right" type="values set" valuesSet="right,left"/>
            <parameter name="entity" value="none" type="string"/>
            <parameter name="respawn" value="0" type="bool"/>
        </sprite>
        <sprite name="Flame" x="85" y="102">
            <parameter name="entity" value="simpleAnimatedObject" type="string"/>
        </sprite>
    </layer>
    <layer name="Layer 2">
        <sprite name="Rolling stone 1" x="25" y="0">
            <parameter name="yGridSnap" value="0" type="int"/>
            <parameter name="startDir" value="right" type="values set" valuesSet="right,left"/>
            <parameter name="entity" value="none" type="string"/>
        </sprite>
        <sprite name="Violet star" x="225" y="36">
            <parameter name="Name" value="B77788" type="string"/>
        </sprite>
        <sprite name="Violet star" x="200" y="113">
            <parameter name="Name" value="B77788" type="string"/>
        </sprite>
        <sprite name="Red diamond" x="17" y="160">
            <parameter name="yGridSnap" value="32" type="int"/>
        </sprite>
    </layer>
</composedSprite>
